<?xml version="1.0" encoding="UTF-8"?>

<restaurant>
	
	<information>
		<name>Pizzeria Romantica</name>
	</information>
	
	<essen>
		<gerichtliste>
			<gericht>
				<name>Pizza Margherita</name>
				<preis>2</preis>
			</gericht>
			<gericht>
				<name>Pizza Salamie</name>
				<preis>4</preis>
			</gericht>
			<gericht>
				<name>Pizza Speciale</name>
				<preis>5</preis>
			</gericht>
			<gericht>
				<name>Pizza Texas</name>
				<preis>6</preis>
			</gericht>
		</gerichtliste>
		
		<nachspeiseliste>
			<nachspeise>
				<name>Tiramisu</name>
				<preis>4.3</preis>
			</nachspeise>
			<nachspeise>
				<name>Goetterspeise</name>
				<preis>1</preis>
			</nachspeise>
		</nachspeiseliste>
	</essen>
	
	<getraenke>
		<getraenkeliste>
			<getraenk>
				<name>Cola</name>
				<preis>2</preis>
			</getraenk>
				<getraenk>
				<name>Pepsi</name>
				<preis>2</preis>
			</getraenk>
		<getraenkeliste>
	</getraenke>

</restaurant>
